datetime,batt_v,memory,snow_depth_min_mm,snow_depth_max_mm,snow_depth_median_mm,air_2m_temp_deg_c,air_2m_temp_rh_prct,baro_temp_deg_c,baro_pressure_hPa
2025-01-21T19:20:55,3.87,25631,1017.00,1019.00,1017.50,7.47,61.92,8.23,1029.41
2025-01-21T19:23:27,3.65,25631,1018.00,1023.00,1020.50,5.90,66.51,7.48,1029.36
2025-01-21T19:40:13,3.65,25631,1011.00,1012.00,1011.50,0.92,87.46,4.64,1029.27
2025-01-21T19:56:59,3.66,25631,1008.00,1010.00,1009.00,0.41,91.30,2.75,1029.16
2025-01-21T20:13:44,3.65,25631,1007.00,1010.00,1008.00,0.31,92.70,1.67,1029.23
2025-01-21T20:30:30,3.65,25631,1007.00,1008.00,1008.00,0.34,93.27,1.06,1029.28
2025-01-21T20:47:16,3.66,25631,1005.00,1009.00,1007.50,0.30,93.69,0.73,1029.33
2025-01-21T21:04:01,3.65,25631,1005.00,1009.00,1007.00,0.29,93.93,0.53,1029.45
2025-01-21T21:20:47,3.67,25631,1005.00,1009.00,1007.00,0.26,94.19,0.39,1029.74
2025-01-21T21:37:33,3.66,25631,1006.00,1008.00,1007.50,0.27,94.27,0.31,1029.77
2025-01-21T21:54:18,3.65,25631,1004.00,1009.00,1007.00,0.27,94.38,0.25,1029.82
2025-01-21T22:11:04,3.66,25631,1005.00,1008.00,1007.50,0.26,94.56,0.23,1029.89
2025-01-21T22:22:25,3.67,25631,1004.00,1009.00,1006.00,0.27,94.70,0.23,1030.01
2025-01-21T22:39:10,3.66,25631,1005.00,1008.00,1007.00,0.33,94.69,0.19,1030.15
2025-01-21T22:55:56,3.66,25631,1004.00,1008.00,1006.50,0.29,94.50,0.17,1030.08
2025-01-21T23:12:41,3.66,25631,1004.00,1008.00,1006.00,0.27,94.60,0.16,1030.17
2025-01-21T23:29:27,3.66,25631,1005.00,1008.00,1006.50,0.26,94.60,0.11,1030.16
2025-01-21T23:46:13,3.66,25631,1004.00,1008.00,1006.00,0.23,94.65,0.07,1030.20
2025-01-22T00:02:58,3.66,25631,1004.00,1007.00,1006.00,0.26,94.57,0.04,1029.99
2025-01-22T00:19:44,3.66,25631,1005.00,1008.00,1006.00,0.16,94.75,0.02,1030.06
2025-01-22T00:36:29,3.66,25631,1004.00,1008.00,1006.00,0.13,94.98,-0.00,1029.94
2025-01-22T00:53:15,3.64,25631,1004.00,1007.00,1006.00,0.16,94.98,-0.00,1030.09
2025-01-22T01:10:00,3.66,25631,1005.00,1008.00,1006.50,0.13,95.04,-0.03,1030.11
2025-01-22T01:26:46,3.66,25631,1004.00,1008.00,1006.00,0.13,95.15,-0.04,1029.89
2025-01-22T01:43:31,3.66,25631,1004.00,1007.00,1005.50,0.11,95.23,-0.06,1029.75
2025-01-22T02:00:16,3.66,25631,1004.00,1008.00,1006.50,0.10,95.26,-0.06,1029.81
2025-01-22T02:17:02,3.65,25631,1004.00,1008.00,1006.00,0.03,95.52,-0.09,1029.88
2025-01-22T02:33:48,3.66,25631,1004.00,1007.00,1006.00,0.06,95.65,-0.10,1029.78
2025-01-22T02:50:33,3.66,25631,1004.00,1008.00,1005.50,0.02,95.55,-0.14,1029.93
2025-01-22T03:07:19,3.66,25631,1004.00,1008.00,1006.00,0.00,95.59,-0.14,1029.99
2025-01-22T03:24:04,3.66,25631,1004.00,1008.00,1006.00,0.00,95.44,-0.14,1029.86
2025-01-22T03:40:50,3.66,25631,1003.00,1008.00,1006.00,-0.04,95.44,-0.17,1029.86
2025-01-22T03:57:35,3.65,25631,1004.00,1008.00,1005.50,-0.04,95.39,-0.16,1029.78
2025-01-22T04:14:21,3.65,25631,1004.00,1008.00,1006.00,-0.02,95.38,-0.15,1029.76
2025-01-22T04:31:07,3.65,25631,1004.00,1008.00,1005.50,-0.07,95.60,-0.17,1029.46
2025-01-22T04:47:52,3.66,25631,1004.00,1008.00,1006.00,-0.08,95.41,-0.18,1029.47
2025-01-22T05:04:38,3.66,25631,1004.00,1008.00,1006.00,-0.12,94.93,-0.20,1029.47
2025-01-22T05:21:23,3.65,25631,1004.00,1008.00,1005.50,-0.12,94.90,-0.21,1029.25
2025-01-22T05:38:09,3.65,25631,1004.00,1008.00,1005.50,-0.18,95.17,-0.22,1029.24
2025-01-22T05:54:54,3.66,25631,1004.00,1008.00,1006.00,-0.15,95.20,-0.23,1028.93
2025-01-22T06:11:40,3.66,25631,1003.00,1007.00,1005.50,-0.19,95.40,-0.24,1028.69
2025-01-22T06:28:26,3.66,25631,1004.00,1007.00,1005.00,-0.17,95.44,-0.23,1028.57
2025-01-22T06:45:11,3.66,25631,1003.00,1008.00,1005.00,-0.17,95.62,-0.23,1028.46
2025-01-22T07:01:57,3.65,25631,1004.00,1008.00,1005.00,-0.17,95.42,-0.23,1028.46
2025-01-22T07:18:40,3.67,25631,1003.00,1007.00,1005.50,-0.22,95.38,-0.21,1028.33
2025-01-22T07:35:26,3.65,25631,1003.00,1007.00,1005.50,-0.21,95.49,-0.23,1028.34
2025-01-22T07:52:11,3.65,25631,1004.00,1007.00,1005.50,-0.23,95.57,-0.25,1028.16
2025-01-22T08:08:57,3.65,25631,1003.00,1007.00,1005.50,-0.23,95.70,-0.26,1028.07
2025-01-22T08:25:42,3.66,25631,1003.00,1007.00,1004.50,-0.18,95.75,-0.25,1028.01
2025-01-22T08:42:28,3.65,25631,1003.00,1006.00,1004.50,-0.15,95.71,-0.22,1028.05
2025-01-22T08:59:14,3.65,25631,1003.00,1006.00,1004.50,-0.11,95.68,-0.13,1028.12
2025-01-22T09:15:59,3.65,25631,1003.00,1007.00,1005.50,-0.04,95.69,0.01,1028.11
2025-01-22T09:32:45,3.65,25631,1004.00,1007.00,1005.00,0.06,95.41,0.25,1028.11
2025-01-22T09:49:30,3.66,25631,1004.00,1007.00,1005.50,0.14,94.99,0.45,1028.09
2025-01-22T10:06:16,3.65,25631,1004.00,1007.00,1005.50,0.24,94.66,0.65,1028.06
2025-01-22T10:23:02,3.66,25631,1004.00,1006.00,1005.50,0.29,94.01,0.83,1028.20
2025-01-22T10:39:47,3.67,25631,1004.00,1006.00,1005.50,0.34,93.84,1.00,1028.17
2025-01-22T10:56:33,3.65,25631,1004.00,1006.00,1005.00,0.34,93.98,1.10,1028.10
2025-01-22T11:13:19,3.66,25631,1004.00,1006.00,1005.00,0.34,93.81,1.20,1028.02
2025-01-22T11:30:05,3.66,25631,1003.00,1005.00,1004.00,0.41,93.51,1.35,1027.93
2025-01-22T11:46:51,3.66,25631,1003.00,1006.00,1004.50,0.47,93.40,1.46,1027.68
2025-01-22T12:03:36,3.67,25631,1002.00,1006.00,1004.50,0.56,93.27,1.62,1027.59
2025-01-22T12:20:22,3.67,25631,1002.00,1006.00,1003.50,0.67,93.24,1.73,1027.44
2025-01-22T12:37:08,3.67,25631,1002.00,1005.00,1003.50,0.75,93.51,1.74,1027.31
2025-01-22T12:53:54,3.67,25631,1002.00,1006.00,1004.50,0.84,93.75,1.87,1027.12
2025-01-22T13:10:40,3.67,25631,1004.00,1005.00,1005.00,0.86,93.69,1.93,1026.86
2025-01-22T13:27:26,3.67,25631,1002.00,1005.00,1004.00,0.85,94.02,1.84,1026.67
2025-01-22T13:44:12,3.67,25631,1002.00,1005.00,1003.50,0.81,94.49,1.76,1026.50
2025-01-22T14:00:58,3.67,25631,1002.00,1004.00,1003.50,0.85,94.68,1.72,1026.24
2025-01-22T14:17:44,3.67,25631,1002.00,1004.00,1003.00,0.88,94.87,1.74,1026.00
2025-01-22T14:34:31,3.67,25631,1001.00,1004.00,1002.00,1.16,95.61,1.80,1025.86
2025-01-22T14:51:17,3.67,25631,1001.00,1005.00,1002.00,1.39,95.82,1.91,1025.70
2025-01-22T15:08:03,3.67,25631,1001.00,1004.00,1002.50,1.65,95.37,2.03,1025.58
2025-01-22T15:24:49,3.67,25631,1000.00,1003.00,1002.50,1.75,95.56,2.08,1025.52
2025-01-22T15:41:35,3.67,25631,1000.00,1003.00,1002.00,1.79,94.89,2.03,1025.36
2025-01-22T15:58:21,3.67,25631,1000.00,1003.00,1001.00,1.77,94.74,1.97,1025.36
2025-01-22T16:15:06,3.67,25631,1001.00,1004.00,1002.00,1.65,95.33,1.82,1025.25
2025-01-22T16:31:52,3.67,25631,1000.00,1004.00,1001.50,1.57,95.68,1.68,1025.06
2025-01-22T16:48:38,3.67,25631,1000.00,1003.00,1001.50,1.67,95.37,1.62,1024.99
2025-01-22T17:05:24,3.67,25631,1000.00,1003.00,1001.50,1.65,95.68,1.56,1025.06
2025-01-22T17:22:09,3.67,25631,1000.00,1003.00,1001.00,1.58,95.85,1.52,1024.94
2025-01-22T17:38:55,3.67,25631,1000.00,1003.00,1001.50,1.61,95.59,1.50,1024.87
2025-01-22T17:55:41,3.67,25631,1000.00,1002.00,1001.50,1.70,95.75,1.48,1024.92
2025-01-22T18:12:27,3.67,25631,1000.00,1002.00,1001.50,1.72,95.83,1.51,1024.67
2025-01-22T18:29:12,3.67,25631,999.00,1002.00,1001.50,1.67,95.89,1.50,1024.62
2025-01-22T18:45:58,3.67,25631,999.00,1002.00,1001.00,1.53,96.14,1.44,1024.62
2025-01-22T19:02:44,3.67,25631,999.00,1002.00,1000.00,1.65,96.06,1.42,1024.48
2025-01-22T19:19:29,3.67,25631,1000.00,1002.00,1001.50,1.57,96.13,1.42,1024.42
2025-01-22T19:36:15,3.67,25631,999.00,1003.00,1001.00,1.50,95.89,1.38,1024.30
2025-01-22T19:53:01,3.67,25631,999.00,1002.00,1000.00,1.36,96.35,1.29,1023.93
2025-01-22T20:09:47,3.67,25631,999.00,1003.00,1001.50,1.30,96.29,1.23,1023.77
2025-01-22T20:26:32,3.67,25631,999.00,1002.00,999.00,1.33,96.64,1.20,1024.00
2025-01-22T20:43:16,3.67,25631,999.00,1002.00,1001.00,1.29,96.69,1.19,1023.86
2025-01-22T21:00:02,3.67,25631,999.00,1002.00,1000.50,1.22,96.77,1.14,1023.79
2025-01-22T21:16:47,3.67,25631,999.00,1002.00,1000.00,1.23,96.59,1.09,1023.56
2025-01-22T21:33:33,3.67,25631,998.00,1002.00,1000.00,0.93,96.70,0.93,1023.76
2025-01-22T21:50:19,3.67,25631,998.00,1002.00,1000.00,0.43,96.49,0.69,1023.83
2025-01-22T22:07:05,3.67,25631,997.00,1001.00,999.50,0.30,96.81,0.46,1023.48
2025-01-22T22:23:50,3.67,25631,998.00,1001.00,998.50,0.29,96.99,0.33,1023.54
2025-01-22T22:40:36,3.67,25631,997.00,1001.00,998.50,0.29,97.14,0.27,1023.49
2025-01-22T22:57:21,3.67,25631,997.00,1000.00,998.00,0.31,97.26,0.25,1023.15
2025-01-22T23:14:06,3.67,25631,997.00,999.00,998.50,0.29,97.29,0.25,1023.15
2025-01-22T23:30:52,3.67,25631,996.00,998.00,997.50,0.27,97.38,0.23,1023.31
2025-01-22T23:47:37,3.67,25631,997.00,998.00,997.50,0.36,97.47,0.24,1023.28
2025-01-23T00:04:23,3.67,25631,996.00,998.00,997.00,0.37,97.50,0.26,1023.40
2025-01-23T00:21:09,3.67,25631,996.00,998.00,997.00,0.37,97.52,0.28,1023.43
2025-01-23T00:37:54,3.67,25631,997.00,999.00,997.00,0.47,97.63,0.32,1023.10
2025-01-23T00:54:40,3.67,25631,996.00,998.00,997.00,0.48,97.63,0.35,1023.27
2025-01-23T01:11:26,3.67,25631,996.00,999.00,998.00,0.44,97.66,0.37,1023.52
2025-01-23T01:28:11,3.67,25631,997.00,998.00,997.00,0.60,97.76,0.44,1023.52
2025-01-23T01:44:57,3.66,25631,997.00,999.00,998.00,0.65,97.80,0.48,1023.62
2025-01-23T02:01:43,3.67,25631,997.00,1000.00,998.50,0.53,97.77,0.46,1023.74
2025-01-23T02:18:28,3.67,25631,997.00,999.00,998.50,0.57,97.78,0.45,1023.90
2025-01-23T02:35:14,3.67,25631,997.00,999.00,998.50,0.58,97.84,0.47,1023.76
2025-01-23T02:51:59,3.66,25631,997.00,999.00,998.50,0.62,97.86,0.48,1023.91
2025-01-23T03:08:45,3.67,25631,997.00,999.00,998.50,0.57,97.86,0.46,1024.25
2025-01-23T03:25:31,3.67,25631,997.00,1000.00,998.50,0.58,97.90,0.43,1024.22
2025-01-23T03:42:16,3.67,25631,997.00,999.00,998.00,0.51,97.92,0.40,1024.33
2025-01-23T03:59:02,3.66,25631,997.00,1001.00,998.50,0.56,97.95,0.43,1024.50
2025-01-23T04:15:48,3.67,25631,997.00,1000.00,998.50,0.50,97.93,0.40,1024.41
2025-01-23T04:32:32,3.66,25631,998.00,1000.00,999.00,0.51,97.98,0.42,1024.28
2025-01-23T04:49:18,3.66,25631,997.00,1001.00,998.50,0.46,97.99,0.41,1024.46
2025-01-23T05:06:04,3.67,25631,997.00,1001.00,999.00,0.47,97.98,0.41,1024.55
2025-01-23T05:22:49,3.67,25631,997.00,1001.00,998.50,0.64,98.04,0.47,1024.72
2025-01-23T05:39:35,3.66,25631,997.00,1001.00,999.00,0.64,98.06,0.50,1024.86
2025-01-23T05:56:21,3.67,25631,998.00,1001.00,999.00,0.60,98.08,0.50,1024.81
2025-01-23T06:13:06,3.67,25631,998.00,1001.00,999.50,0.67,98.08,0.53,1024.98
2025-01-23T06:29:52,3.67,25631,997.00,1001.00,999.50,0.65,98.13,0.54,1025.15
2025-01-23T06:46:36,3.67,25631,997.00,1001.00,999.00,0.64,98.13,0.57,1025.47
2025-01-23T07:03:22,3.66,25631,998.00,1001.00,999.50,0.62,98.14,0.55,1025.58
2025-01-23T07:20:08,3.67,25631,998.00,1001.00,999.50,0.58,98.11,0.53,1025.65
2025-01-23T07:36:53,3.66,25631,998.00,1001.00,999.00,0.58,98.15,0.53,1025.81
2025-01-23T07:53:39,3.66,25631,998.00,1001.00,1000.00,0.57,98.19,0.52,1025.81
2025-01-23T08:10:25,3.67,25631,998.00,1000.00,999.00,0.58,98.20,0.53,1025.96
2025-01-23T08:27:10,3.67,25631,999.00,1001.00,999.50,0.62,98.21,0.55,1026.10
2025-01-23T08:43:56,3.66,25631,998.00,1000.00,999.50,0.74,98.22,0.63,1026.25
2025-01-23T09:00:42,3.67,25631,998.00,1001.00,1000.00,0.65,98.21,0.74,1026.19
2025-01-23T09:17:27,3.66,25631,998.00,1001.00,999.50,0.65,98.20,0.78,1026.56
2025-01-23T09:34:13,3.66,25631,998.00,1002.00,999.50,0.71,98.20,0.80,1026.85
2025-01-23T09:50:59,3.66,25631,998.00,1001.00,999.50,0.72,98.20,0.84,1027.01
2025-01-23T10:07:45,3.66,25631,998.00,1001.00,1000.00,0.81,98.17,1.05,1027.21
2025-01-23T10:24:30,3.67,25631,999.00,1001.00,1000.50,0.99,98.18,1.60,1027.29
2025-01-23T10:41:17,3.67,25631,1000.00,1002.00,1000.50,1.27,98.00,2.02,1027.62
2025-01-23T10:58:03,3.67,25631,999.00,1001.00,1000.00,1.61,97.76,2.63,1027.64
2025-01-23T11:14:48,3.68,25631,1000.00,1002.00,1001.00,1.75,96.82,3.12,1027.80
2025-01-23T11:31:34,3.67,25631,1000.00,1002.00,1000.50,1.92,96.63,3.42,1027.75
2025-01-23T11:48:20,3.67,25631,999.00,1003.00,1001.00,2.29,95.21,3.85,1027.79
2025-01-23T12:05:07,3.67,25631,999.00,1003.00,1001.50,2.27,95.29,3.73,1027.70
2025-01-23T12:21:53,3.67,25631,1000.00,1003.00,1001.50,2.51,95.63,3.89,1027.60
2025-01-23T12:38:39,3.68,25631,999.00,1004.00,1001.50,2.56,95.20,3.82,1027.55
2025-01-23T12:55:25,3.67,25631,1000.00,1002.00,1001.50,2.48,95.73,3.72,1027.60
2025-01-23T13:12:11,3.68,25631,999.00,1002.00,1001.00,2.53,95.84,3.72,1027.39
2025-01-23T13:28:58,3.68,25631,1000.00,1004.00,1002.50,2.67,95.48,4.21,1027.40
2025-01-23T17:06:58,3.88,25631,1002.00,1005.00,1003.00,1.61,96.06,1.82,1027.60
2025-01-23T17:23:43,3.67,25631,1000.00,1003.00,1001.50,1.50,96.91,1.45,1027.70
2025-01-23T17:40:29,3.67,25631,1000.00,1003.00,1001.50,1.44,97.25,1.35,1027.79
2025-01-23T17:57:15,3.67,25631,1000.00,1003.00,1001.50,1.40,97.42,1.25,1027.78
2025-01-23T18:14:00,3.67,25631,1000.00,1003.00,1001.00,1.27,97.46,1.16,1027.85
2025-01-23T18:30:46,3.67,25631,1000.00,1003.00,1002.00,1.07,97.52,1.06,1027.81
2025-01-23T18:47:32,3.67,25631,999.00,1002.00,1001.50,1.07,97.66,0.98,1027.77
2025-01-23T19:04:17,3.67,25631,999.00,1002.00,1001.00,1.09,97.79,0.98,1027.84
2025-01-23T19:21:03,3.67,25631,1000.00,1004.00,1001.50,1.07,97.81,0.99,1027.84
2025-01-23T19:37:49,3.67,25631,1000.00,1003.00,1001.00,0.82,97.75,0.85,1027.94
2025-01-23T19:54:34,3.67,25631,999.00,1002.00,1001.00,0.81,97.87,0.77,1027.95
2025-01-23T20:11:17,3.67,25631,999.00,1003.00,1001.50,0.79,97.88,0.70,1027.99
2025-01-23T20:28:03,3.67,25631,999.00,1002.00,1001.00,0.75,97.94,0.66,1027.95
2025-01-23T20:44:48,3.67,25631,999.00,1002.00,1001.50,0.79,98.01,0.67,1028.10
2025-01-23T21:01:34,3.67,25631,1000.00,1003.00,1001.00,0.71,98.01,0.64,1028.19
2025-01-23T21:18:20,3.67,25631,999.00,1003.00,1001.50,0.68,98.00,0.62,1027.94
2025-01-23T21:35:05,3.67,25631,999.00,1002.00,1001.50,0.71,98.06,0.62,1028.01
2025-01-23T21:51:51,3.67,25631,999.00,1002.00,1001.50,0.76,98.08,0.64,1028.16
2025-01-23T22:08:36,3.67,25631,999.00,1002.00,1001.00,0.76,98.12,0.67,1028.28
2025-01-23T22:25:22,3.67,25631,1000.00,1003.00,1001.50,0.84,98.11,0.72,1028.39
2025-01-23T22:42:08,3.67,25631,999.00,1003.00,1001.00,0.86,98.13,0.74,1028.39
2025-01-23T22:58:53,3.67,25631,999.00,1003.00,1001.00,0.85,98.12,0.76,1028.51
2025-01-23T23:15:39,3.67,25631,999.00,1003.00,1001.00,0.84,98.15,0.77,1028.80
2025-01-23T23:32:25,3.67,25631,999.00,1003.00,1001.00,0.81,98.10,0.72,1028.84
2025-01-23T23:49:10,3.67,25631,999.00,1002.00,1001.50,0.72,98.08,0.60,1028.78
2025-01-24T00:05:56,3.67,25631,1000.00,1002.00,1001.50,0.57,98.08,0.44,1028.73
2025-01-24T00:22:41,3.67,25631,999.00,1002.00,1001.50,0.61,98.15,0.48,1028.84
2025-01-24T00:39:27,3.67,25631,999.00,1003.00,1001.50,0.65,98.16,0.53,1028.92
2025-01-24T00:56:13,3.67,25631,999.00,1003.00,1001.50,0.64,98.19,0.55,1029.01
2025-01-24T01:12:58,3.67,25631,999.00,1003.00,1001.50,0.71,98.24,0.58,1028.81
2025-01-24T01:29:44,3.67,25631,999.00,1003.00,1001.50,0.69,98.24,0.59,1028.89
2025-01-24T01:46:30,3.67,25631,1000.00,1002.00,1001.50,0.62,98.22,0.55,1028.92
2025-01-24T02:03:15,3.67,25631,1000.00,1002.00,1001.50,0.61,98.26,0.54,1028.87
2025-01-24T02:20:01,3.67,25631,999.00,1002.00,1001.00,0.65,98.29,0.54,1028.92
2025-01-24T02:36:46,3.67,25631,1000.00,1002.00,1001.50,0.61,98.28,0.52,1028.86
2025-01-24T02:53:32,3.67,25631,999.00,1002.00,1001.50,0.68,98.29,0.53,1028.96
2025-01-24T03:10:18,3.67,25631,999.00,1003.00,1001.50,0.67,98.23,0.54,1029.04
2025-01-24T03:27:03,3.67,25631,1001.00,1002.00,1001.50,0.64,97.97,0.42,1028.98
2025-01-24T03:43:49,3.67,25631,999.00,1001.00,1000.50,0.53,97.92,0.17,1029.14
2025-01-24T04:00:35,3.67,25631,1000.00,1003.00,1001.00,0.47,98.04,0.19,1029.10
2025-01-24T04:17:20,3.67,25631,999.00,1002.00,1001.00,0.31,98.03,0.02,1028.99
2025-01-24T04:34:06,3.67,25631,999.00,1003.00,1001.00,0.33,98.18,0.07,1029.22
2025-01-24T04:50:51,3.67,25631,999.00,1003.00,1001.00,0.41,98.19,0.20,1029.27
2025-01-24T05:07:37,3.67,25631,1000.00,1002.00,1001.00,0.47,98.28,0.28,1029.16
2025-01-24T05:24:23,3.67,25631,1000.00,1002.00,1001.00,0.44,98.33,0.31,1029.25
2025-01-24T05:41:08,3.67,25631,1000.00,1003.00,1001.50,0.47,98.35,0.33,1029.39
2025-01-24T05:57:54,3.67,25631,1000.00,1002.00,1001.50,0.44,98.40,0.32,1029.51
2025-01-24T06:14:39,3.67,25631,1000.00,1002.00,1001.00,0.43,98.37,0.32,1029.54
2025-01-24T06:31:25,3.66,25631,1001.00,1002.00,1001.50,0.46,98.41,0.31,1029.40
2025-01-24T06:48:11,3.67,25631,999.00,1003.00,1001.50,0.41,98.42,0.30,1029.62
2025-01-24T07:04:56,3.67,25631,1000.00,1002.00,1001.00,0.43,98.44,0.32,1029.66
2025-01-24T07:21:40,3.67,25631,1000.00,1002.00,1001.50,0.43,98.47,0.33,1029.69
2025-01-24T07:38:26,3.67,25631,1000.00,1002.00,1001.00,0.48,98.51,0.35,1030.00
2025-01-24T07:55:11,3.67,25631,1000.00,1003.00,1001.00,0.47,98.49,0.36,1029.99
2025-01-24T08:11:57,3.67,25631,1000.00,1003.00,1001.50,0.47,98.47,0.35,1030.03
2025-01-24T08:28:42,3.67,25631,999.00,1002.00,1001.00,0.47,98.50,0.38,1030.10
2025-01-24T08:45:28,3.67,25631,1000.00,1002.00,1001.00,0.51,98.56,0.41,1030.20
2025-01-24T09:02:14,3.67,25631,1000.00,1002.00,1001.00,0.56,98.57,0.46,1030.27
2025-01-24T09:18:59,3.67,25631,1000.00,1002.00,1002.00,0.57,98.56,0.58,1030.32
2025-01-24T09:35:45,3.66,25631,1000.00,1003.00,1001.50,0.58,98.51,0.70,1030.51
2025-01-24T09:52:31,3.67,25631,1000.00,1004.00,1001.50,0.69,98.47,0.96,1030.45
2025-01-24T10:09:17,3.67,25631,1000.00,1003.00,1000.50,0.82,98.18,1.22,1030.43
2025-01-24T10:26:03,3.67,25631,1000.00,1004.00,1001.50,0.99,97.74,1.50,1030.65
2025-01-24T10:42:48,3.67,25631,1000.00,1004.00,1002.00,1.20,96.35,1.94,1030.62
2025-01-24T10:59:34,3.68,25631,1000.00,1004.00,1002.00,1.41,94.88,2.28,1030.76
2025-01-24T11:16:20,3.68,25631,1001.00,1005.00,1002.50,1.78,93.33,2.90,1030.70
2025-01-24T11:33:06,3.68,25631,1001.00,1004.00,1003.00,1.97,92.84,3.48,1030.41
2025-01-24T11:49:52,3.68,25631,1002.00,1005.00,1003.00,2.05,92.96,3.67,1030.41
2025-01-24T12:06:39,3.67,25631,1002.00,1004.00,1003.00,2.43,90.53,4.21,1030.36
2025-01-24T12:23:25,3.69,25631,1002.00,1004.00,1003.00,2.57,87.41,4.72,1030.21
2025-01-24T12:40:11,3.69,25631,1003.00,1004.00,1003.00,2.53,86.29,4.66,1030.26
2025-01-24T12:56:58,3.68,25631,1002.00,1004.00,1003.00,2.54,85.67,4.48,1030.18
2025-01-24T13:13:44,3.68,25631,1002.00,1005.00,1003.00,2.51,85.43,4.55,1029.96
2025-01-24T13:30:30,3.69,25631,1003.00,1004.00,1004.00,2.51,85.34,4.47,1030.13
2025-01-24T13:47:17,3.68,25631,1002.00,1004.00,1003.00,2.47,85.62,4.35,1030.17
2025-01-24T14:04:03,3.69,25631,1002.00,1004.00,1003.00,2.54,85.17,4.33,1030.22
2025-01-24T14:20:49,3.69,25631,1003.00,1005.00,1004.00,2.58,85.51,4.54,1029.90
2025-01-24T14:37:36,3.68,25631,1003.00,1005.00,1004.00,2.56,86.39,4.25,1029.61
2025-01-24T14:54:22,3.68,25631,1003.00,1006.00,1004.00,2.64,85.28,4.28,1029.48
2025-01-24T15:11:08,3.68,25631,1002.00,1006.00,1004.00,2.37,87.45,3.94,1029.44
2025-01-24T15:27:54,3.68,25631,1002.00,1005.00,1003.50,2.18,88.08,3.54,1029.31
2025-01-24T15:44:41,3.69,25631,1002.00,1004.00,1003.50,2.06,87.94,3.11,1029.31
2025-01-24T16:01:27,3.68,25631,1001.00,1004.00,1003.00,1.86,89.37,2.68,1029.24
2025-01-24T16:18:11,3.68,25631,1001.00,1004.00,1002.50,1.62,89.59,2.27,1029.04
2025-01-24T23:33:59,3.85,25631,1002.00,1006.00,1004.00,0.20,94.71,0.21,1028.24
2025-01-24T23:50:44,3.67,25631,1000.00,1005.00,1002.50,0.21,94.82,0.12,1028.19
2025-01-25T00:07:30,3.66,25631,1001.00,1004.00,1003.00,0.20,94.90,0.09,1027.78
2025-01-25T00:24:16,3.65,25631,1001.00,1004.00,1003.00,0.16,94.98,0.06,1027.90
2025-01-25T00:41:01,3.65,25631,1001.00,1004.00,1003.00,0.21,94.63,0.06,1027.46
2025-01-25T00:57:47,3.66,25631,1001.00,1004.00,1002.50,0.13,94.60,0.01,1027.08
2025-01-25T01:14:32,3.65,25631,1001.00,1004.00,1002.00,0.13,94.88,-0.02,1027.29
2025-01-25T01:31:16,3.66,25631,1001.00,1005.00,1002.50,0.11,94.95,-0.09,1027.42
2025-01-25T01:48:02,3.66,25631,1001.00,1004.00,1002.50,0.11,95.13,-0.12,1027.50
2025-01-25T02:04:47,3.66,25631,1001.00,1005.00,1002.50,0.16,94.87,-0.05,1027.44
2025-01-25T02:21:33,3.65,25631,1001.00,1005.00,1002.50,0.16,94.79,-0.03,1027.17
2025-01-25T02:38:18,3.66,25631,1001.00,1004.00,1002.50,0.09,94.87,-0.08,1027.66
2025-01-25T02:55:04,3.66,25631,1001.00,1004.00,1002.00,0.02,94.12,-0.17,1027.75
2025-01-25T03:11:50,3.66,25631,1001.00,1005.00,1002.50,0.05,93.83,-0.19,1027.89
2025-01-25T03:28:35,3.66,25631,1001.00,1005.00,1003.00,-0.17,93.96,-0.47,1027.64
2025-01-25T03:45:21,3.65,25631,1001.00,1005.00,1003.00,-0.22,93.20,-0.72,1027.36
2025-01-25T04:02:06,3.66,25631,1000.00,1004.00,1002.50,-0.57,94.26,-1.17,1027.29
2025-01-25T04:18:52,3.65,25631,1001.00,1002.00,1002.00,-0.81,95.21,-1.58,1027.46
2025-01-25T04:35:37,3.65,25631,1001.00,1003.00,1002.00,-1.30,96.08,-2.05,1027.20
2025-01-25T04:52:23,3.65,25631,1001.00,1004.00,1001.50,-1.35,96.69,-2.30,1027.12
2025-01-25T05:09:08,3.65,25631,1000.00,1003.00,1002.00,-0.93,96.22,-1.96,1027.22
2025-01-25T05:25:54,3.65,25631,1000.00,1002.00,1002.00,-0.83,95.16,-1.75,1027.20
2025-01-25T05:42:39,3.65,25631,1000.00,1003.00,1001.50,-1.04,94.52,-1.88,1026.82
2025-01-25T05:59:25,3.65,25631,1001.00,1002.00,1001.50,-1.15,95.35,-2.10,1026.93
2025-01-25T06:16:10,3.65,25631,1000.00,1003.00,1002.00,-0.90,94.76,-1.99,1026.77
2025-01-25T06:32:56,3.65,25631,1001.00,1004.00,1002.00,-1.07,94.87,-1.91,1026.80
2025-01-25T06:49:41,3.65,25631,1001.00,1003.00,1002.00,-1.25,95.02,-2.00,1026.73
2025-01-25T07:06:26,3.65,25631,1001.00,1005.00,1003.00,-1.45,95.77,-2.24,1026.48
2025-01-25T07:23:11,3.65,25631,1000.00,1004.00,1001.50,-1.56,96.30,-2.45,1026.32
2025-01-25T07:39:56,3.65,25631,1001.00,1004.00,1002.50,-1.66,96.45,-2.54,1026.20
2025-01-25T07:56:42,3.65,25631,1000.00,1004.00,1002.50,-1.93,96.78,-2.79,1026.12
2025-01-25T08:13:27,3.65,25631,1001.00,1004.00,1002.00,-1.93,97.20,-2.92,1026.31
2025-01-25T08:30:13,3.65,25631,1002.00,1005.00,1003.50,-1.94,97.14,-2.86,1026.38
2025-01-25T08:46:58,3.65,25631,1001.00,1004.00,1003.00,-2.18,97.07,-2.99,1026.47
2025-01-25T09:03:44,3.65,25631,1001.00,1004.00,1002.50,-2.18,97.35,-3.02,1026.59
2025-01-25T09:20:30,3.66,25631,1001.00,1005.00,1003.00,-2.09,97.36,-2.79,1026.35
2025-01-25T09:37:15,3.66,25631,1000.00,1005.00,1002.50,-1.93,97.37,-2.39,1026.23
2025-01-25T09:54:01,3.67,25631,1001.00,1004.00,1003.00,-1.66,97.10,-1.84,1026.12
2025-01-25T10:10:47,3.67,25631,1002.00,1005.00,1003.00,-1.34,96.23,-1.11,1026.03
2025-01-25T10:27:31,3.68,25631,1003.00,1005.00,1004.00,-1.05,95.65,-0.46,1025.79
2025-01-25T10:44:17,3.67,25631,1003.00,1005.00,1004.00,-0.84,95.22,-0.01,1025.92
2025-01-25T11:01:03,3.68,25631,1003.00,1005.00,1004.50,-0.62,94.51,0.52,1025.68
2025-01-25T11:17:49,3.68,25631,1003.00,1006.00,1005.00,-0.40,93.19,0.85,1025.88
2025-01-25T11:34:35,3.69,25631,1003.00,1007.00,1006.00,-0.25,92.63,1.17,1025.67
2025-01-25T11:51:21,3.68,25631,1004.00,1008.00,1006.00,0.11,91.06,1.55,1025.51
2025-01-25T12:08:07,3.68,25631,1004.00,1008.00,1006.00,0.02,90.70,1.51,1025.22
2025-01-25T12:24:53,3.69,25631,1004.00,1008.00,1005.00,0.17,90.34,1.71,1025.12
2025-01-25T12:41:39,3.69,25631,1004.00,1007.00,1006.00,0.48,89.55,2.41,1024.82
2025-01-25T12:58:26,3.68,25631,1004.00,1007.00,1005.00,0.37,89.42,2.40,1024.74
2025-01-25T13:15:12,3.70,25631,1004.00,1007.00,1005.00,0.72,88.32,2.81,1024.69
2025-01-25T13:31:58,3.69,25631,1005.00,1008.00,1006.50,0.95,87.32,3.18,1024.50
2025-01-25T17:14:11,4.16,25067,999.00,1001.00,1000.00,-0.60,94.36,-0.38,1023.77
2025-01-25T17:14:21,4.07,24511,998.00,1002.00,1000.00,-0.63,94.37,-0.37,1023.76
2025-01-25T17:14:31,4.20,24259,998.00,1000.00,999.00,-0.62,94.43,-0.36,1023.78
2025-01-25T17:17:41,4.14,25067,998.00,1001.00,999.50,-0.60,94.75,-0.39,1023.78
2025-01-25T17:17:53,4.13,23959,997.00,1001.00,998.50,-0.62,94.77,-0.40,1023.80
2025-01-26T10:58:34,4.14,25631,2617.00,2633.00,2622.00,2.37,90.34,30.49,894.12
2025-01-26T10:59:33,3.87,25631,2549.00,2629.00,2620.50,2.44,90.44,24.43,894.55
2025-01-26T11:00:32,4.31,24987,2604.00,2616.00,2613.00,2.53,90.57,25.88,894.48
2025-01-26T11:01:07,4.31,24987,2609.00,2623.00,2612.50,2.54,90.69,26.80,894.21
2025-01-26T11:01:17,4.31,24387,2608.00,2617.00,2611.00,2.58,90.72,27.43,894.22
2025-01-26T11:01:27,4.31,24387,2611.00,2623.00,2618.50,2.57,90.75,27.93,894.22
2025-01-26T11:01:38,4.31,24387,2609.00,2623.00,2613.00,2.58,90.73,28.40,894.17
2025-01-26T11:02:55,3.87,25631,2598.00,2628.00,2619.50,2.75,90.97,29.75,894.19
2025-01-26T11:19:43,3.87,25631,2639.00,2654.00,2647.00,6.50,89.51,35.45,895.25
2025-01-26T11:36:32,3.85,25631,2633.00,2645.00,2637.50,11.25,78.59,38.02,894.60
2025-01-26T11:53:20,3.85,25631,2484.00,2494.00,2491.00,12.97,36.74,36.10,894.55
2025-01-26T12:01:08,3.68,25631,2458.00,2518.00,2472.50,10.99,49.86,28.35,894.67
2025-01-26T12:17:55,3.87,25631,2624.00,2665.00,2637.00,12.01,38.03,20.01,894.51
2025-01-26T12:34:42,3.77,25631,2587.00,2653.00,2611.50,10.02,40.57,15.74,894.62
2025-01-26T12:38:32,3.76,25631,2591.00,2624.00,2609.50,10.55,41.18,14.97,894.66
2025-01-26T12:55:19,3.87,25631,2607.00,2635.00,2620.00,13.85,30.56,15.20,894.72
2025-01-26T13:12:06,3.87,25631,2599.00,2636.00,2610.50,6.77,42.37,14.53,894.58
2025-01-26T13:28:53,3.87,25631,2606.00,2737.00,2726.50,10.97,35.20,14.23,894.65
2025-01-26T13:45:40,3.87,25631,2606.00,2617.00,2610.00,12.12,33.50,14.55,894.57
2025-01-26T14:02:26,3.87,25631,2518.00,2697.00,2614.00,12.31,45.60,14.57,894.71
2025-01-26T14:19:13,3.87,25631,2579.00,2615.00,2609.50,12.07,39.30,14.59,894.54
2025-01-26T14:36:00,3.87,25631,2586.00,2633.00,2620.00,13.65,38.18,14.33,894.37
2025-01-26T14:52:47,3.87,25631,2552.00,2609.00,2591.50,11.59,36.05,13.78,894.53
2025-01-26T15:09:34,3.76,25631,2566.00,2616.00,2581.50,9.89,31.77,12.98,894.62
2025-01-26T15:26:21,3.76,25631,2534.00,2588.00,2569.50,10.80,39.96,12.43,894.71
2025-01-26T15:43:08,3.85,25631,2547.00,2614.00,2588.50,12.27,36.42,11.88,894.80
2025-01-26T15:59:54,3.85,25631,2546.00,2604.00,2571.00,10.29,39.90,11.00,894.86
2025-01-26T16:16:40,3.68,25631,2558.00,2584.00,2569.50,4.39,58.22,6.53,894.83
2025-01-26T16:33:26,3.68,25631,2553.00,2603.00,2559.50,3.23,56.10,3.91,894.89
2025-01-26T16:50:12,3.67,25631,2534.00,2599.00,2589.50,2.96,55.14,2.80,895.10
2025-01-26T17:06:58,3.67,25631,500.00,2602.00,2541.50,3.16,52.68,2.16,895.06
2025-01-26T17:23:43,3.67,25631,2499.00,2591.00,2562.50,3.15,53.49,1.57,895.28
2025-01-26T17:40:29,3.67,25631,2498.00,2593.00,2544.50,2.51,60.58,1.12,895.17
2025-01-26T17:57:15,3.68,25631,2548.00,2603.00,2565.50,2.36,58.82,0.88,895.18
2025-01-26T18:14:00,3.67,25631,2555.00,2601.00,2586.00,2.29,58.81,0.84,895.06
2025-01-26T18:30:46,3.67,25631,2522.00,2603.00,2546.50,2.88,53.22,0.88,895.22
2025-01-26T18:47:32,3.67,25631,2548.00,2609.00,2572.50,2.78,51.07,0.78,895.24
2025-01-26T19:04:17,3.67,25631,2526.00,2603.00,2550.50,2.60,54.48,0.83,895.27
2025-01-26T19:21:03,3.67,25631,2511.00,2596.00,2586.00,2.68,54.01,0.72,895.26
2025-01-26T19:37:48,3.67,25631,2555.00,2600.00,2587.50,2.87,51.08,0.81,895.40
2025-01-26T19:54:34,3.67,25631,500.00,2597.00,2566.00,2.87,47.44,0.86,895.57
2025-01-26T20:11:20,3.67,25631,2510.00,2595.00,2533.00,3.51,41.94,1.06,895.58
2025-01-26T20:28:05,3.67,25631,2567.00,2598.00,2579.50,3.57,45.37,1.32,895.53
2025-01-26T20:44:50,3.68,25631,2537.00,2590.00,2555.50,3.51,44.47,1.24,895.54
2025-01-26T21:01:35,3.67,25631,2514.00,2584.00,2553.50,3.91,44.24,1.49,895.48
2025-01-26T21:18:21,3.67,25631,2533.00,2596.00,2574.50,3.68,44.67,1.45,895.44
2025-01-26T21:35:07,3.67,25631,2526.00,2597.00,2582.00,3.41,45.28,1.37,895.46
2025-01-26T21:51:52,3.67,25631,2521.00,2602.00,2569.50,3.57,43.52,1.37,895.51
2025-01-26T22:08:38,3.67,25631,498.00,2590.00,2570.50,4.20,41.33,1.61,895.44
2025-01-26T22:25:24,3.67,25631,2556.00,2594.00,2573.50,4.01,41.96,1.73,895.42
2025-01-26T22:42:09,3.67,25631,2555.00,2606.00,2585.00,4.36,38.98,1.96,895.43
2025-01-26T22:58:54,3.67,25631,2552.00,2589.00,2575.50,4.52,38.22,2.06,895.27
2025-01-26T23:15:40,3.67,25631,2514.00,2598.00,2568.50,4.35,39.54,2.07,895.24
2025-01-26T23:32:25,3.67,25631,2567.00,2594.00,2579.00,4.23,39.04,2.00,895.22
2025-01-26T23:49:11,3.67,25631,2544.00,2594.00,2575.00,4.32,38.88,2.04,895.33
2025-01-27T00:05:57,3.67,25631,2572.00,2599.00,2587.00,4.29,36.56,2.08,895.37
2025-01-27T00:22:42,3.67,25631,2569.00,2593.00,2584.50,4.37,38.58,2.06,895.38
2025-01-27T00:39:28,3.67,25631,2539.00,2598.00,2582.00,4.33,35.27,2.08,895.25
2025-01-27T00:56:14,3.67,25631,2544.00,2594.00,2569.50,4.33,36.09,2.10,895.10
2025-01-27T01:12:59,3.67,25631,2535.00,2592.00,2566.00,4.54,36.50,2.23,895.06
2025-01-27T01:29:45,3.67,25631,2543.00,2594.00,2572.50,3.74,37.08,2.00,894.97
2025-01-27T01:46:31,3.67,25631,2578.00,2601.00,2582.00,5.07,34.64,2.29,894.90
2025-01-27T02:03:16,3.67,25631,2556.00,2583.00,2567.50,4.53,34.11,2.26,894.87
2025-01-27T02:20:02,3.67,25631,2556.00,2595.00,2574.50,4.60,35.43,2.10,894.80
2025-01-27T02:36:48,3.67,25631,2577.00,2594.00,2582.00,3.98,37.44,2.09,894.74
2025-01-27T02:53:33,3.67,25631,2555.00,2601.00,2572.00,4.09,34.84,2.13,894.80
2025-01-27T03:10:19,3.67,25631,2533.00,2595.00,2560.50,3.82,33.26,2.38,894.72
2025-01-27T03:27:05,3.67,25631,2552.00,2590.00,2584.00,3.85,35.71,2.40,894.68
2025-01-27T03:43:50,3.67,25631,2557.00,2606.00,2584.00,4.03,33.16,2.33,894.67
2025-01-27T04:00:36,3.67,25631,2568.00,2596.00,2588.00,4.37,34.17,2.28,894.72
2025-01-27T04:17:22,3.67,25631,2558.00,2594.00,2573.00,3.39,35.00,1.89,894.58
2025-01-27T04:34:06,3.67,25631,2558.00,2590.00,2583.50,3.70,35.68,1.66,894.53
2025-01-27T04:50:52,3.67,25631,498.00,2596.00,2588.00,3.88,35.89,1.64,894.47
2025-01-27T05:07:38,3.67,25631,498.00,2594.00,2583.00,3.99,36.02,1.52,894.54
2025-01-27T05:24:23,3.67,25631,2566.00,2590.00,2582.50,3.39,36.30,1.36,894.57
2025-01-27T05:41:09,3.67,25631,2571.00,2592.00,2581.00,3.09,36.10,1.17,894.40
2025-01-27T05:57:54,3.67,25631,2571.00,2603.00,2581.50,3.26,34.64,1.17,894.44
2025-01-27T06:14:40,3.67,25631,498.00,2604.00,2586.00,3.49,31.77,1.28,894.41
2025-01-27T06:31:26,3.67,25631,2581.00,2598.00,2591.00,3.37,36.28,1.41,894.31
2025-01-27T06:48:10,3.67,25631,2580.00,2592.00,2587.50,2.81,39.06,1.06,894.38
2025-01-27T07:04:56,3.66,25631,2574.00,2602.00,2590.50,2.62,34.71,0.78,894.47
2025-01-27T07:21:41,3.67,25631,500.00,2607.00,2591.50,2.73,36.82,0.84,894.16
2025-01-27T07:38:27,3.67,25631,2583.00,2599.00,2591.00,2.27,38.06,0.70,894.01
2025-01-27T07:55:13,3.67,25631,2572.00,2607.00,2587.50,2.68,34.86,0.59,893.91
2025-01-27T08:11:58,3.67,25631,498.00,2610.00,2591.50,3.24,35.38,1.01,893.89
2025-01-27T08:28:44,3.66,25631,2582.00,2608.00,2593.00,2.19,35.58,0.73,894.05
2025-01-27T08:45:30,3.67,25631,2591.00,2610.00,2600.00,2.47,33.94,0.73,894.01
2025-01-27T09:02:16,3.69,25631,2592.00,2612.00,2602.00,2.77,35.60,1.22,893.98
2025-01-27T09:19:02,3.88,25631,498.00,2616.00,1547.00,3.78,33.26,2.91,893.92
2025-01-27T09:35:48,3.88,25631,2607.00,2639.00,2631.00,5.07,31.62,6.29,893.78
2025-01-27T09:52:34,3.88,25631,2604.00,2633.00,2625.00,4.32,33.91,5.93,894.08
